#Plan
INSERT INTO Plan (
    PlanID, TypeName, Price, ClassLimitPerWeek, AccessHours, EquipmentAccessLevel)
VALUES
(1, 'Basic', 30.00, 2, '24/7', 'Limited'),
(2, 'Premium', 50.00, 999, '24/7', 'Full'),
(3, 'Student', 20.00, 3, '9AM–6PM', 'Moderate');

#Customer
INSERT INTO Customer (CustomerID, FirstName, LastName, Gender, DateOfBirth, Email, PhoneNumber, JoinDate, Status, PlanID)
VALUES
(1, 'Margaret', 'Sanchez', 'Female', '1987-04-22', 'margaret.sanchez@yahoo.com', '0422355730', '2024-05-24', 'Active', 3),
(2, 'Dana', 'Shaw', 'Male', '1974-04-23', 'dana.shaw@hotmail.com', '0494647234', '2023-11-18', 'Active', 2),
(3, 'Thomas', 'Parker', 'Female', '1965-12-13', 'thomas.parker@hotmail.com', '0455444866', '2024-08-29', 'Inactive', 3),
(4, 'James', 'Liu', 'Male', '1984-04-04', 'james.liu@outlook.com', '0410890857', '2023-09-21', 'Active', 3),
(5, 'Nicole', 'Tyler', 'Male', '2001-05-02', 'nicole.tyler@gmail.com', '0419823868', '2023-09-24', 'Active', 1),
(6, 'Christopher', 'King', 'Female', '1966-08-24', 'christopher.king@yahoo.com', '0470540325', '2024-04-30', 'Active', 1),
(7, 'Matthew', 'Murray', 'Female', '1978-01-08', 'matthew.murray@yahoo.com', '0482350565', '2025-04-27', 'Active', 1),
(8, 'Emily', 'Lozano', 'Female', '1982-05-08', 'emily.lozano@outlook.com', '0493395125', '2025-02-18', 'Inactive', 2),
(9, 'Mary', 'Perry', 'Female', '1985-10-14', 'mary.perry@hotmail.com', '0486250423', '2024-12-05', 'Active', 3),
(10, 'Corey', 'Mitchell', 'Male', '1993-12-12', 'corey.mitchell@gmail.com', '0499386981', '2024-03-23', 'Active', 2),
(11, 'Robert', 'Le', 'Male', '1975-11-02', 'robert.le@hotmail.com', '0470981722', '2025-02-04', 'Active', 3),
(12, 'Jeffrey', 'Frank', 'Female', '1980-01-02', 'jeffrey.frank@outlook.com', '0430519367', '2024-05-15', 'Active', 2),
(13, 'Nicholas', 'Manning', 'Male', '1968-12-24', 'nicholas.manning@yahoo.com', '0448957694', '2023-11-21', 'Active', 2),
(14, 'Monica', 'Webb', 'Female', '1997-08-01', 'monica.webb@outlook.com', '0457780649', '2024-02-01', 'Active', 3),
(15, 'Steven', 'Nielsen', 'Female', '1969-11-28', 'steven.nielsen@gmail.com', '0422226502', '2023-06-05', 'Inactive', 2),
(16, 'Andrew', 'Pena', 'Female', '2001-02-23', 'andrew.pena@gmail.com', '0454122656', '2025-04-29', 'Active', 1),
(17, 'Douglas', 'Williams', 'Female', '1985-06-03', 'douglas.williams@hotmail.com', '0421457773', '2023-10-01', 'Active', 2),
(18, 'Eric', 'Adams', 'Female', '1989-12-04', 'eric.adams@yahoo.com', '0419294546', '2023-06-23', 'Active', 3),
(19, 'Sandra', 'Schmidt', 'Female', '1984-06-17', 'sandra.schmidt@gmail.com', '0479731629', '2025-02-21', 'Active', 3),
(20, 'Christopher', 'Garcia', 'Male', '1988-05-01', 'christopher.garcia@yahoo.com', '0478631819', '2024-06-29', 'Active', 3),
(21, 'Heather', 'Garcia', 'Male', '1999-07-05', 'heather.garcia@hotmail.com', '0456118403', '2023-07-31', 'Active', 1),
(22, 'Jessica', 'Bray', 'Female', '1977-07-06', 'jessica.bray@gmail.com', '0450967115', '2023-08-08', 'Active', 3),
(23, 'Maria', 'Marquez', 'Female', '1992-06-12', 'maria.marquez@outlook.com', '0497772169', '2023-06-10', 'Active', 2),
(24, 'Jason', 'West', 'Male', '1967-07-02', 'jason.west@gmail.com', '0453579112', '2024-01-12', 'Active', 2),
(25, 'Mary', 'Cruz', 'Female', '2002-06-11', 'mary.cruz@hotmail.com', '0410155878', '2025-03-28', 'Active', 2),
(26, 'Jay', 'Hall', 'Male', '1978-08-05', 'jay.hall@gmail.com', '0413101398', '2024-01-01', 'Active', 3),
(27, 'Nicole', 'Jackson', 'Male', '1972-07-07', 'nicole.jackson@yahoo.com', '0446489491', '2024-08-14', 'Active', 3),
(28, 'Mike', 'Lambert', 'Female', '1992-06-02', 'mike.lambert@outlook.com', '0413359121', '2024-11-27', 'Active', 1),
(29, 'Holly', 'Johnson', 'Female', '1997-12-14', 'holly.johnson@hotmail.com', '0417503776', '2025-01-23', 'Active', 2),
(30, 'Wanda', 'Erickson', 'Male', '1993-01-11', 'wanda.erickson@outlook.com', '0460145526', '2023-05-23', 'Active', 1),
(31, 'David', 'Roberts', 'Male', '2000-03-29', 'david.roberts@gmail.com', '0442621870', '2023-12-14', 'Inactive', 1),
(32, 'Julie', 'Fox', 'Female', '1992-08-29', 'julie.fox@hotmail.com', '0429595424', '2025-04-02', 'Active', 3),
(33, 'Michael', 'Stokes', 'Female', '1965-01-29', 'michael.stokes@outlook.com', '0494302981', '2023-08-03', 'Inactive', 1),
(34, 'Joseph', 'Anderson', 'Male', '1975-03-17', 'joseph.anderson@yahoo.com', '0459724505', '2025-01-06', 'Active', 2),
(35, 'Jessica', 'Simmons', 'Female', '1980-06-24', 'jessica.simmons@yahoo.com', '0439634603', '2023-06-03', 'Active', 2),
(36, 'Nicholas', 'Woods', 'Female', '1980-12-15', 'nicholas.woods@hotmail.com', '0466963659', '2023-06-17', 'Inactive', 1),
(37, 'Ryan', 'Webster', 'Female', '1994-08-27', 'ryan.webster@gmail.com', '0458711901', '2025-03-13', 'Active', 2),
(38, 'Sabrina', 'Graham', 'Other', '1986-05-19', 'sabrina.graham@hotmail.com', '0457783202', '2024-09-23', 'Active', 1),
(39, 'Brett', 'Mendez', 'Female', '2004-04-24', 'brett.mendez@outlook.com', '0417180553', '2024-08-27', 'Active', 2),
(40, 'William', 'Bailey', 'Male', '1981-05-24', 'william.bailey@gmail.com', '0454998612', '2023-12-06', 'Active', 3),
(41, 'Amy', 'Anderson', 'Male', '1983-12-31', 'amy.anderson@outlook.com', '0485511776', '2024-05-15', 'Active', 1),
(42, 'Karen', 'Choi', 'Male', '1977-05-12', 'karen.choi@yahoo.com', '0460536803', '2024-02-06', 'Active', 2),
(43, 'Jessica', 'Campbell', 'Male', '1976-11-18', 'jessica.campbell@gmail.com', '0434509391', '2024-06-29', 'Active', 1),
(44, 'Glen', 'Hall', 'Other', '1985-05-05', 'glen.hall@yahoo.com', '0438147410', '2024-09-30', 'Inactive', 2),
(45, 'Cole', 'Fernandez', 'Male', '1979-04-02', 'cole.fernandez@hotmail.com', '0438426557', '2023-08-14', 'Active', 1),
(46, 'William', 'Jackson', 'Other', '1973-06-16', 'william.jackson@hotmail.com', '0426750300', '2023-09-02', 'Active', 2),
(47, 'Jill', 'Peterson', 'Male', '1991-05-07', 'jill.peterson@outlook.com', '0475251365', '2025-01-27', 'Active', 3),
(48, 'Andrew', 'Bradford', 'Female', '1986-08-15', 'andrew.bradford@hotmail.com', '0448931323', '2025-01-09', 'Active', 2),
(49, 'Nathan', 'Flores', 'Male', '1975-03-13', 'nathan.flores@hotmail.com', '0494164338', '2024-02-22', 'Active', 3),
(50, 'Steven', 'Mitchell', 'Female', '1973-06-23', 'steven.mitchell@outlook.com', '0462632669', '2024-04-15', 'Active', 2),
(51, 'Debra', 'Ramirez', 'Male', '1971-12-16', 'debra.ramirez@hotmail.com', '0493808188', '2024-11-08', 'Active', 1),
(52, 'Sean', 'Li', 'Male', '1987-12-13', 'sean.li@hotmail.com', '0448891600', '2023-09-21', 'Active', 2),
(53, 'Tracey', 'Wilson', 'Other', '2004-03-24', 'tracey.wilson@outlook.com', '0475170520', '2023-05-22', 'Active', 2),
(54, 'Donna', 'Nelson', 'Other', '1965-01-27', 'donna.nelson@outlook.com', '0496180678', '2023-12-14', 'Active', 2),
(55, 'Brenda', 'Williams', 'Female', '2002-12-17', 'brenda.williams@gmail.com', '0490836767', '2023-11-20', 'Active', 3),
(56, 'John', 'Mack', 'Male', '1992-06-28', 'john.mack@yahoo.com', '0446313867', '2024-01-24', 'Active', 3),
(57, 'Daniel', 'Meyer', 'Female', '2001-12-18', 'daniel.meyer@yahoo.com', '0439777761', '2023-09-06', 'Active', 2),
(58, 'Janet', 'Dunn', 'Male', '2002-08-18', 'janet.dunn@hotmail.com', '0433330303', '2023-12-14', 'Active', 3),
(59, 'Alec', 'Hernandez', 'Male', '1972-08-17', 'alec.hernandez@yahoo.com', '0437545609', '2024-10-04', 'Active', 2),
(60, 'Dorothy', 'Smith', 'Male', '1995-11-26', 'dorothy.smith@hotmail.com', '0419442142', '2024-07-02', 'Inactive', 2);

#Trainer
INSERT INTO Trainer (TrainerID, FirstName, LastName, Specialization, PhoneNumber, Email)
VALUES
(1, 'Bianca', 'Smith', 'Aqua fitness', '0493464466', 'bianca.smith@trainer.com'),
(2, 'Laura', 'Wilson', 'Cycling', '0443981557', 'laura.wilson@trainer.com'),
(3, 'Robert', 'Hill', 'Yoga', '0424191369', 'robert.hill@trainer.com'),
(4, 'William', 'Cook', 'HIIT', '0479700359', 'william.cook@trainer.com'),
(5, 'James', 'Taylor', 'Core Conditioning', '0424865512', 'james.taylor@trainer.com'),
(6, 'Jasmine', 'Massey', 'Dance', '0471588598', 'jasmine.massey@trainer.com'),
(7, 'John', 'Stephens', 'Body Pump', '0451551900', 'john.stephens@trainer.com'),
(8, 'Matthew', 'Holloway', 'Body Balance', '0477141349', 'matthew.holloway@trainer.com'),
(9, 'Jeffrey', 'Holt', 'Cardio classes', '0421537498', 'jeffrey.holt@trainer.com'),
(10, 'David', 'Wood', 'Stretch & Mobility', '0469159364', 'david.wood@trainer.com'),
(11, 'James', 'Lee', 'Spin class', '0482861151', 'james.lee@trainer.com'),
(12, 'Dominic', 'Torres', 'Indoor cycling', '0411282113', 'dominic.torres@trainer.com'),
(13, 'David', 'Hawkins', 'Strength training', '0440221474', 'david.hawkins@trainer.com'),
(14, 'Krystal', 'Jenkins', 'High-intensity interval training', '0427492930', 'krystal.jenkins@trainer.com'),
(15, 'Mackenzie', 'Perry', 'Circuit training', '0486235174', 'mackenzie.perry@trainer.com'),
(16, 'Sara', 'Whitney', 'Boxing', '0440142958', 'sara.whitney@trainer.com'),
(17, 'Richard', 'Wilkerson', 'Pilates', '0419188397', 'richard.wilkerson@trainer.com'),
(18, 'Michaela', 'Spencer', 'Zumba', '0442195409', 'michaela.spencer@trainer.com'),
(19, 'Mary', 'Escobar', 'Cross-training', '0413529892', 'mary.escobar@trainer.com'),
(20, 'Gary', 'Herrera', 'Barre', '0498855416', 'gary.herrera@trainer.com');

#Class
INSERT INTO Class (ClassID, ClassName, TrainerID, ScheduleTime, DurationMinutes, MaxCapacity, DifficultyLevel)
VALUES
(1, 'Aqua fitness', 1, '10:30:00', 45, 21, 'Beginner'),
(2, 'Cycling', 2, '21:30:00', 30, 12, 'Advanced'),
(3, 'Yoga', 3, '12:45:00', 30, 16, 'Beginner'),
(4, 'HIIT', 4, '19:00:00', 60, 13, 'Intermediate'),
(5, 'Core Conditioning', 5, '15:30:00', 30, 30, 'Intermediate'),
(6, 'Dance', 6, '08:45:00', 45, 18, 'Advanced'),
(7, 'Body Pump', 7, '20:45:00', 60, 16, 'Beginner'),
(8, 'Body Balance', 8, '12:15:00', 45, 30, 'Intermediate'),
(9, 'Cardio classes', 9, '18:30:00', 45, 17, 'Beginner'),
(10, 'Stretch & Mobility', 10, '11:15:00', 30, 22, 'Intermediate'),
(11, 'Spin class', 11, '19:30:00', 45, 22, 'Advanced'),
(12, 'Indoor cycling', 12, '19:30:00', 45, 29, 'Intermediate'),
(13, 'Strength training', 13, '14:00:00', 30, 18, 'Advanced'),
(14, 'High-intensity interval training', 14, '13:45:00', 30, 20, 'Intermediate'),
(15, 'Circuit training', 15, '08:00:00', 30, 10, 'Beginner'),
(16, 'Boxing', 16, '16:30:00', 60, 25, 'Intermediate'),
(17, 'Pilates', 17, '13:00:00', 45, 24, 'Beginner'),
(18, 'Zumba', 18, '08:15:00', 45, 29, 'Intermediate'),
(19, 'Cross-training', 19, '11:45:00', 30, 18, 'Advanced'),
(20, 'Barre', 20, '13:30:00', 30, 13, 'Advanced');

#Payment
INSERT INTO Payment (PaymentID, CustomerID, PaymentDate, Amount, PaymentMethod, PaymentStatus)
VALUES
(1, 1, '2025-03-16', 20.00, 'Bank Transfer', 'Completed'),
(2, 2, '2025-01-20', 50.00, 'Credit Card', 'Completed'),
(3, 2, '2025-03-15', 50.00, 'Cash', 'Completed'),
(4, 3, '2025-04-29', 20.00, 'Cash', 'Completed'),
(5, 4, '2025-03-22', 20.00, 'Credit Card', 'Completed'),
(6, 5, '2025-02-12', 30.00, 'Credit Card', 'Completed'),
(7, 5, '2024-11-18', 30.00, 'Bank Transfer', 'Pending'),
(8, 6, '2025-03-21', 30.00, 'Debit Card', 'Completed'),
(9, 6, '2025-03-05', 30.00, 'Cash', 'Completed'),
(10, 7, '2025-03-23', 30.00, 'Cash', 'Completed'),
(11, 8, '2024-11-25', 50.00, 'Bank Transfer', 'Completed'),
(12, 9, '2025-01-11', 20.00, 'Bank Transfer', 'Completed'),
(13, 10, '2025-04-25', 50.00, 'Debit Card', 'Completed'),
(14, 10, '2025-04-13', 50.00, 'Debit Card', 'Completed'),
(15, 11, '2025-04-19', 20.00, 'Credit Card', 'Completed'),
(16, 11, '2024-11-30', 20.00, 'Cash', 'Completed'),
(17, 12, '2025-04-16', 50.00, 'Debit Card', 'Completed'),
(18, 13, '2024-12-13', 50.00, 'Debit Card', 'Completed'),
(19, 13, '2025-02-06', 50.00, 'Debit Card', 'Completed'),
(20, 14, '2025-04-26', 20.00, 'Debit Card', 'Completed'),
(21, 15, '2024-11-01', 50.00, 'Credit Card', 'Completed'),
(22, 15, '2025-01-28', 50.00, 'Bank Transfer', 'Completed'),
(23, 16, '2025-02-22', 30.00, 'Cash', 'Completed'),
(24, 17, '2024-12-03', 50.00, 'Debit Card', 'Completed'),
(25, 17, '2025-03-30', 50.00, 'Debit Card', 'Completed'),
(26, 18, '2025-03-12', 20.00, 'Cash', 'Completed'),
(27, 18, '2025-04-29', 20.00, 'Bank Transfer', 'Completed'),
(28, 19, '2025-04-02', 20.00, 'Debit Card', 'Pending'),
(29, 20, '2025-03-22', 20.00, 'Debit Card', 'Pending'),
(30, 21, '2025-02-23', 30.00, 'Credit Card', 'Completed'),
(31, 21, '2024-12-29', 30.00, 'Cash', 'Completed'),
(32, 22, '2025-02-01', 20.00, 'Cash', 'Completed'),
(33, 23, '2024-11-12', 50.00, 'Cash', 'Completed'),
(34, 24, '2025-04-02', 50.00, 'Debit Card', 'Completed'),
(35, 24, '2025-01-12', 50.00, 'Bank Transfer', 'Completed'),
(36, 25, '2025-04-26', 50.00, 'Debit Card', 'Completed'),
(37, 26, '2024-12-20', 20.00, 'Bank Transfer', 'Completed'),
(38, 26, '2025-01-14', 20.00, 'Cash', 'Completed'),
(39, 27, '2024-12-13', 20.00, 'Cash', 'Completed'),
(40, 28, '2024-11-15', 30.00, 'Cash', 'Completed'),
(41, 28, '2025-04-04', 30.00, 'Credit Card', 'Failed'),
(42, 29, '2025-04-12', 50.00, 'Cash', 'Completed'),
(43, 30, '2025-04-16', 30.00, 'Credit Card', 'Completed'),
(44, 30, '2025-02-01', 30.00, 'Credit Card', 'Completed'),
(45, 31, '2024-12-18', 30.00, 'Debit Card', 'Pending'),
(46, 31, '2024-12-09', 30.00, 'Cash', 'Completed'),
(47, 32, '2025-02-05', 20.00, 'Credit Card', 'Failed'),
(48, 33, '2025-04-14', 30.00, 'Bank Transfer', 'Completed'),
(49, 33, '2025-02-11', 30.00, 'Credit Card', 'Completed'),
(50, 34, '2024-11-24', 50.00, 'Debit Card', 'Completed'),
(51, 34, '2025-03-10', 50.00, 'Credit Card', 'Pending'),
(52, 35, '2025-02-21', 50.00, 'Debit Card', 'Completed'),
(53, 36, '2024-12-22', 30.00, 'Debit Card', 'Completed'),
(54, 36, '2024-12-28', 30.00, 'Credit Card', 'Completed'),
(55, 37, '2025-01-10', 50.00, 'Credit Card', 'Completed'),
(56, 37, '2025-01-26', 50.00, 'Debit Card', 'Failed'),
(57, 38, '2025-03-04', 30.00, 'Bank Transfer', 'Completed'),
(58, 39, '2025-03-03', 50.00, 'Credit Card', 'Completed'),
(59, 39, '2025-02-10', 50.00, 'Bank Transfer', 'Completed'),
(60, 40, '2024-11-01', 20.00, 'Bank Transfer', 'Completed'),
(61, 40, '2024-12-18', 20.00, 'Debit Card', 'Pending'),
(62, 41, '2025-02-15', 30.00, 'Credit Card', 'Completed'),
(63, 41, '2024-12-05', 30.00, 'Credit Card', 'Completed'),
(64, 42, '2025-03-26', 50.00, 'Cash', 'Completed'),
(65, 43, '2024-12-16', 30.00, 'Bank Transfer', 'Completed'),
(66, 43, '2025-01-11', 30.00, 'Bank Transfer', 'Completed'),
(67, 44, '2024-11-09', 50.00, 'Debit Card', 'Completed'),
(68, 45, '2024-12-25', 30.00, 'Bank Transfer', 'Completed'),
(69, 46, '2025-04-14', 50.00, 'Bank Transfer', 'Completed'),
(70, 46, '2025-03-31', 50.00, 'Cash', 'Completed'),
(71, 47, '2025-03-25', 20.00, 'Debit Card', 'Completed'),
(72, 47, '2024-12-12', 20.00, 'Debit Card', 'Completed'),
(73, 48, '2025-04-05', 50.00, 'Bank Transfer', 'Completed'),
(74, 48, '2025-04-24', 50.00, 'Debit Card', 'Completed'),
(75, 49, '2025-02-22', 20.00, 'Bank Transfer', 'Completed'),
(76, 50, '2025-04-10', 50.00, 'Credit Card', 'Pending'),
(77, 51, '2024-12-24', 30.00, 'Debit Card', 'Completed'),
(78, 51, '2025-02-24', 30.00, 'Bank Transfer', 'Completed'),
(79, 52, '2024-12-03', 50.00, 'Debit Card', 'Completed'),
(80, 53, '2025-01-31', 50.00, 'Bank Transfer', 'Completed'),
(81, 54, '2025-04-10', 50.00, 'Credit Card', 'Completed'),
(82, 55, '2024-12-23', 20.00, 'Cash', 'Completed'),
(83, 56, '2025-04-10', 20.00, 'Bank Transfer', 'Pending'),
(84, 56, '2024-11-13', 20.00, 'Credit Card', 'Completed'),
(85, 57, '2025-04-28', 50.00, 'Debit Card', 'Completed'),
(86, 57, '2024-12-05', 50.00, 'Bank Transfer', 'Completed'),
(87, 58, '2025-04-20', 20.00, 'Cash', 'Completed'),
(88, 58, '2024-12-24', 20.00, 'Bank Transfer', 'Completed'),
(89, 59, '2025-02-16', 50.00, 'Cash', 'Completed'),
(90, 60, '2024-11-01', 50.00, 'Debit Card', 'Completed');

#Attendance
INSERT INTO Attendance (AttendanceID, CustomerID, ClassID, AttendanceDate, CheckInTime)
VALUES
(1, 1, 10, '2025-02-20', '08:15:00'),
(2, 1, 19, '2025-02-07', '09:00:00'),
(3, 2, 18, '2025-02-01', '12:15:00'),
(4, 2, 8, '2025-02-06', '16:45:00'),
(5, 2, 6, '2025-02-24', '10:45:00'),
(6, 3, 15, '2025-04-08', '17:00:00'),
(7, 3, 9, '2025-04-06', '09:30:00'),
(8, 3, 20, '2025-02-28', '07:00:00'),
(9, 4, 7, '2025-01-30', '13:30:00'),
(10, 5, 8, '2025-04-09', '14:45:00'),
(11, 5, 7, '2025-03-14', '07:15:00'),
(12, 5, 17, '2025-03-12', '06:00:00'),
(13, 6, 7, '2025-02-13', '17:45:00'),
(14, 6, 18, '2025-03-26', '16:45:00'),
(15, 7, 4, '2025-04-12', '17:30:00'),
(16, 7, 14, '2025-04-10', '14:45:00'),
(17, 8, 7, '2025-03-15', '06:15:00'),
(18, 9, 8, '2025-03-07', '14:45:00'),
(19, 9, 6, '2025-04-04', '14:45:00'),
(20, 9, 4, '2025-04-21', '20:45:00'),
(21, 10, 17, '2025-04-18', '12:45:00'),
(22, 10, 8, '2025-03-24', '07:00:00'),
(23, 11, 4, '2025-03-22', '16:45:00'),
(24, 11, 12, '2025-02-28', '17:45:00'),
(25, 11, 9, '2025-04-02', '18:45:00'),
(26, 12, 10, '2025-02-24', '17:30:00'),
(27, 13, 11, '2025-03-06', '15:15:00'),
(28, 14, 19, '2025-04-22', '07:30:00'),
(29, 15, 1, '2025-03-15', '06:45:00'),
(30, 16, 2, '2025-02-21', '16:30:00'),
(31, 17, 12, '2025-04-09', '16:00:00'),
(32, 18, 1, '2025-02-05', '06:45:00'),
(33, 18, 18, '2025-03-01', '15:30:00'),
(34, 18, 20, '2025-04-24', '18:30:00'),
(35, 19, 19, '2025-02-10', '13:15:00'),
(36, 20, 15, '2025-04-15', '12:15:00'),
(37, 20, 14, '2025-02-14', '12:15:00'),
(38, 20, 4, '2025-03-29', '16:30:00'),
(39, 21, 3, '2025-04-17', '20:45:00'),
(40, 21, 7, '2025-02-13', '13:00:00'),
(41, 21, 20, '2025-04-20', '14:30:00'),
(42, 22, 8, '2025-02-18', '15:15:00'),
(43, 22, 2, '2025-04-02', '14:15:00'),
(44, 23, 6, '2025-02-05', '06:30:00'),
(45, 23, 1, '2025-02-26', '14:30:00'),
(46, 23, 5, '2025-02-20', '12:00:00'),
(47, 24, 19, '2025-03-27', '07:45:00'),
(48, 25, 11, '2025-03-18', '13:30:00'),
(49, 25, 20, '2025-02-24', '18:15:00'),
(50, 26, 9, '2025-03-28', '07:45:00'),
(51, 26, 19, '2025-03-08', '13:30:00'),
(52, 27, 19, '2025-03-05', '10:15:00'),
(53, 27, 9, '2025-03-13', '15:45:00'),
(54, 27, 5, '2025-02-24', '06:15:00'),
(55, 28, 12, '2025-02-27', '18:15:00'),
(56, 29, 4, '2025-04-11', '08:45:00'),
(57, 30, 1, '2025-03-31', '13:15:00'),
(58, 30, 16, '2025-02-18', '17:15:00'),
(59, 31, 10, '2025-03-17', '13:15:00'),
(60, 31, 7, '2025-02-19', '11:45:00'),
(61, 31, 19, '2025-03-05', '12:45:00'),
(62, 32, 19, '2025-02-14', '19:00:00'),
(63, 32, 7, '2025-03-12', '16:15:00'),
(64, 33, 7, '2025-02-14', '20:45:00'),
(65, 34, 20, '2025-03-10', '17:45:00'),
(66, 35, 17, '2025-03-03', '10:15:00'),
(67, 36, 7, '2025-04-14', '14:30:00'),
(68, 37, 17, '2025-04-28', '17:00:00'),
(69, 37, 15, '2025-04-26', '08:30:00'),
(70, 38, 17, '2025-04-01', '12:15:00'),
(71, 38, 4, '2025-03-30', '09:15:00'),
(72, 38, 15, '2025-03-06', '06:45:00'),
(73, 39, 16, '2025-04-12', '14:00:00'),
(74, 39, 17, '2025-03-19', '20:15:00'),
(75, 39, 10, '2025-03-14', '07:00:00'),
(76, 40, 8, '2025-04-23', '19:00:00'),
(77, 40, 12, '2025-04-21', '13:15:00'),
(78, 41, 11, '2025-03-01', '20:30:00'),
(79, 42, 15, '2025-03-27', '17:45:00'),
(80, 42, 11, '2025-02-22', '09:45:00'),
(81, 42, 8, '2025-04-15', '06:00:00'),
(82, 43, 1, '2025-04-10', '10:15:00'),
(83, 43, 11, '2025-03-18', '06:45:00'),
(84, 43, 2, '2025-02-15', '17:15:00'),
(85, 44, 4, '2025-04-28', '15:30:00'),
(86, 45, 9, '2025-03-25', '16:45:00'),
(87, 45, 17, '2025-03-25', '08:15:00'),
(88, 45, 2, '2025-04-21', '08:15:00'),
(89, 46, 15, '2025-04-15', '20:45:00'),
(90, 46, 5, '2025-04-30', '20:00:00'),
(91, 46, 4, '2025-03-26', '14:30:00'),
(92, 47, 14, '2025-03-06', '07:30:00'),
(93, 48, 7, '2025-04-19', '12:30:00'),
(94, 48, 10, '2025-02-15', '10:15:00'),
(95, 49, 7, '2025-04-25', '16:15:00'),
(96, 49, 15, '2025-02-05', '09:30:00'),
(97, 49, 1, '2025-03-27', '17:15:00'),
(98, 50, 2, '2025-05-01', '07:30:00'),
(99, 50, 18, '2025-04-01', '09:15:00'),
(100, 50, 12, '2025-04-30', '17:00:00'),
(101, 51, 19, '2025-04-25', '19:15:00'),
(102, 51, 4, '2025-04-03', '08:30:00'),
(103, 51, 12, '2025-03-28', '13:45:00'),
(104, 52, 6, '2025-02-07', '09:30:00'),
(105, 52, 10, '2025-02-07', '19:30:00'),
(106, 52, 3, '2025-03-04', '17:15:00'),
(107, 53, 12, '2025-04-16', '16:45:00'),
(108, 53, 10, '2025-02-08', '18:45:00'),
(109, 54, 7, '2025-04-29', '08:45:00'),
(110, 54, 10, '2025-03-06', '19:30:00'),
(111, 54, 1, '2025-04-02', '10:00:00'),
(112, 55, 5, '2025-02-28', '08:30:00'),
(113, 56, 5, '2025-03-14', '06:00:00'),
(114, 56, 7, '2025-02-18', '17:30:00'),
(115, 56, 16, '2025-03-08', '16:45:00'),
(116, 57, 4, '2025-04-14', '12:00:00'),
(117, 57, 18, '2025-02-08', '10:00:00'),
(118, 58, 17, '2025-04-24', '18:30:00'),
(119, 58, 13, '2025-04-21', '09:45:00'),
(120, 59, 10, '2025-04-24', '14:00:00'),
(121, 60, 20, '2025-03-15', '20:15:00'),
(122, 60, 17, '2025-02-03', '13:15:00'),
(123, 60, 13, '2025-03-08', '07:30:00');

#PersonalTrainingSession
INSERT INTO PersonalTrainingSession (SessionID, CustomerID, TrainerID, SessionDate, SessionTime, DurationMinutes, Status, Goal, IsFree)
VALUES
(1, 2, 7, '2025-04-30', '16:30:00', 45, 'Completed', 'Flexibility', TRUE),
(2, 2, 1, '2025-04-21', '06:00:00', 30, 'Completed', 'Endurance', TRUE),
(3, 8, 4, '2025-03-14', '18:15:00', 60, 'Completed', 'Flexibility', TRUE),
(4, 10, 10, '2025-04-05', '12:00:00', 60, 'Scheduled', 'Rehabilitation', TRUE),
(5, 12, 4, '2025-04-14', '14:00:00', 45, 'Scheduled', 'Endurance', TRUE),
(6, 12, 18, '2025-04-19', '18:00:00', 60, 'Scheduled', 'Flexibility', TRUE),
(7, 13, 1, '2025-03-15', '19:00:00', 30, 'Missed', 'Rehabilitation', TRUE),
(8, 15, 16, '2025-03-25', '16:45:00', 30, 'Missed', 'Endurance', TRUE),
(9, 15, 3, '2025-04-11', '15:00:00', 45, 'Missed', 'Rehabilitation', TRUE),
(10, 17, 8, '2025-03-02', '12:45:00', 45, 'Scheduled', 'Strength', TRUE),
(11, 17, 6, '2025-03-06', '19:15:00', 60, 'Missed', 'Weight Loss', TRUE),
(12, 23, 7, '2025-03-28', '20:15:00', 45, 'Missed', 'Rehabilitation', TRUE),
(13, 24, 19, '2025-04-11', '06:30:00', 60, 'Completed', 'Weight Loss', TRUE),
(14, 24, 6, '2025-03-17', '17:45:00', 45, 'Missed', 'Weight Loss', TRUE),
(15, 25, 9, '2025-03-02', '20:30:00', 45, 'Scheduled', 'Weight Loss', TRUE),
(16, 29, 14, '2025-04-02', '20:00:00', 30, 'Scheduled', 'Flexibility', TRUE),
(17, 29, 14, '2025-03-30', '14:45:00', 45, 'Completed', 'Weight Loss', TRUE),
(18, 34, 17, '2025-03-09', '08:15:00', 45, 'Scheduled', 'Weight Loss', TRUE),
(19, 34, 13, '2025-04-21', '11:45:00', 30, 'Missed', 'Weight Loss', TRUE),
(20, 35, 9, '2025-04-25', '14:45:00', 30, 'Completed', 'Endurance', TRUE),
(21, 37, 9, '2025-03-23', '06:30:00', 45, 'Scheduled', 'Endurance', TRUE),
(22, 39, 14, '2025-04-27', '13:45:00', 45, 'Missed', 'Strength', TRUE),
(23, 39, 15, '2025-03-24', '12:45:00', 45, 'Missed', 'Endurance', TRUE),
(24, 42, 6, '2025-04-27', '19:30:00', 60, 'Scheduled', 'Weight Loss', TRUE),
(25, 44, 4, '2025-04-18', '16:15:00', 60, 'Missed', 'Flexibility', TRUE),
(26, 44, 13, '2025-03-19', '09:30:00', 60, 'Completed', 'Weight Loss', TRUE),
(27, 46, 6, '2025-04-09', '11:30:00', 30, 'Completed', 'Rehabilitation', TRUE),
(28, 46, 11, '2025-04-25', '13:30:00', 30, 'Completed', 'Flexibility', TRUE),
(29, 48, 1, '2025-04-26', '08:45:00', 45, 'Scheduled', 'Endurance', TRUE),
(30, 48, 13, '2025-04-20', '14:00:00', 60, 'Completed', 'Strength', TRUE),
(31, 50, 8, '2025-03-07', '11:15:00', 60, 'Missed', 'Strength', TRUE),
(32, 50, 12, '2025-05-01', '17:45:00', 45, 'Scheduled', 'Strength', TRUE),
(33, 52, 20, '2025-04-10', '06:15:00', 45, 'Scheduled', 'Rehabilitation', TRUE),
(34, 52, 11, '2025-04-17', '09:00:00', 60, 'Scheduled', 'Endurance', TRUE),
(35, 53, 13, '2025-04-11', '16:00:00', 30, 'Scheduled', 'Strength', TRUE),
(36, 54, 20, '2025-04-16', '06:15:00', 45, 'Completed', 'Endurance', TRUE),
(37, 54, 3, '2025-03-11', '19:45:00', 45, 'Missed', 'Endurance', TRUE),
(38, 57, 10, '2025-04-02', '20:00:00', 45, 'Missed', 'Flexibility', TRUE),
(39, 59, 6, '2025-03-25', '14:45:00', 45, 'Completed', 'Strength', TRUE),
(40, 60, 19, '2025-04-17', '18:45:00', 45, 'Completed', 'Strength', TRUE),
(41, 60, 11, '2025-03-08', '20:45:00', 30, 'Scheduled', 'Weight Loss', TRUE),
(42, 5, 15, '2025-04-15', '10:15:00', 60, 'Scheduled', 'Flexibility', FALSE),
(43, 58, 10, '2025-04-25', '07:00:00', 60, 'Scheduled', 'Rehabilitation', FALSE),
(44, 3, 20, '2025-04-04', '11:30:00', 45, 'Missed', 'Weight Loss', FALSE),
(45, 45, 16, '2025-04-23', '18:45:00', 30, 'Scheduled', 'Weight Loss', FALSE),
(46, 20, 1, '2025-04-02', '16:45:00', 45, 'Completed', 'Flexibility', FALSE),
(47, 23, 8, '2025-04-04', '16:45:00', 45, 'Missed', 'Endurance', TRUE),
(48, 23, 20, '2025-04-04', '19:45:00', 30, 'Missed', 'Endurance', FALSE),
(49, 44, 19, '2025-04-23', '09:30:00', 30, 'Completed', 'Flexibility', TRUE),
(50, 44, 6, '2025-04-23', '08:00:00', 45, 'Completed', 'Strength', FALSE),
(51, 39, 18, '2025-04-21', '13:45:00', 30, 'Scheduled', 'Flexibility', TRUE),
(52, 39, 4, '2025-04-21', '12:45:00', 60, 'Scheduled', 'Rehabilitation', FALSE),
(53, 46, 18, '2025-04-25', '14:15:00', 60, 'Missed', 'Rehabilitation', TRUE),
(54, 46, 5, '2025-04-25', '12:00:00', 45, 'Missed', 'Endurance', FALSE),
(55, 13, 2, '2025-04-21', '06:15:00', 30, 'Scheduled', 'Strength', TRUE),
(56, 13, 8, '2025-04-21', '20:45:00', 60, 'Completed', 'Strength', FALSE);

#Reviews
INSERT INTO Reviews (ReviewID, CustomerID, TrainerID, ClassID, Rating, Comment)
VALUES
(1, 55, 1, 1, 5, 'Helpful feedback from trainer.'),
(2, 51, 4, 4, 5, 'Helpful feedback from trainer.'),
(3, 35, 18, 18, 5, 'Excellent pace.'),
(4, 47, 7, 7, 4, 'Great class!'),
(5, 9, 17, 17, 5, 'Nice environment.'),
(6, 37, 6, 6, 5, 'Would take it again.'),
(7, 14, 6, 6, 4, 'Could be more challenging.'),
(8, 53, 1, 1, 5, 'Loved the energy!'),
(9, 33, 2, 2, 3, 'Could be more challenging.'),
(10, 50, 4, 4, 3, 'Excellent pace.'),
(11, 10, 15, 15, 4, 'Nice environment.'),
(12, 13, 2, 2, 3, 'Could be more challenging.'),
(13, 56, 10, 10, 3, 'Helpful feedback from trainer.'),
(14, 38, 19, 19, 5, 'Helpful feedback from trainer.'),
(15, 2, 14, 14, 4, 'Very motivating trainer.'),
(16, 17, 4, 4, 5, 'Loved the energy!'),
(17, 43, 10, 10, 5, 'Loved the energy!'),
(18, 22, 14, 14, 5, 'Nice environment.'),
(19, 48, 14, 14, 3, 'Loved the energy!'),
(20, 46, 13, 13, 4, 'Nice environment.'),
(21, 59, 14, 14, 5, 'Nice environment.'),
(22, 52, 3, 3, 5, 'Excellent pace.'),
(23, 5, 13, 13, 3, 'Nice environment.'),
(24, 60, 10, 10, 4, 'Could be more challenging.'),
(25, 11, 19, 19, 5, 'Loved the energy!'),
(26, 29, 13, 13, 5, 'Helpful feedback from trainer.'),
(27, 8, 16, 16, 3, 'Nice environment.'),
(28, 34, 4, 4, 4, 'Enjoyed the workout.'),
(29, 24, 8, 8, 5, 'Nice environment.'),
(30, 32, 7, 7, 4, 'Enjoyed the workout.'),
(31, 27, 10, 10, 3, 'Loved the energy!'),
(32, 19, 5, 5, 3, 'Loved the energy!'),
(33, 25, 9, 9, 5, 'Enjoyed the workout.'),
(34, 40, 20, 20, 3, 'Excellent pace.'),
(35, 1, 6, 6, 3, 'Would take it again.'),
(36, 41, 1, 1, 5, 'Very motivating trainer.'),
(37, 28, 5, 5, 5, 'Enjoyed the workout.'),
(38, 26, 16, 16, 5, 'Enjoyed the workout.'),
(39, 23, 8, 8, 5, 'Enjoyed the workout.'),
(40, 20, 5, 5, 5, 'Excellent pace.');